{
    "faithfulness": 1.0,
    "answer_relevancy": 0.875445667849229,
    "context_precision": 0.9999999999,
    "context_recall": 1.0,
    "answer_correctness": 0.7270675788365505
}